filename,line,text,subject
2025-05-01.md,1. [彭昱畅这么帅了](https://s.weibo.com//weibo?q=%23%E5%BD%AD%E6%98%B1%E7%95%85%E8%BF%99%E4%B9%88%E5%B8%85%E4%BA%86%23&t=31&band_rank=7&Refer=top),彭昱畅这么帅了,entertainment
2025-05-01.md,1. [半个娱乐圈都在大风杀](https://s.weibo.com//weibo?q=%E5%8D%8A%E4%B8%AA%E5%A8%B1%E4%B9%90%E5%9C%88%E9%83%BD%E5%9C%A8%E5%A4%A7%E9%A3%8E%E6%9D%80&t=31&band_rank=19&Refer=top),半个娱乐圈都在大风杀,entertainment
2025-05-01.md,1. [赵露思音乐节](https://s.weibo.com//weibo?q=%E8%B5%B5%E9%9C%B2%E6%80%9D%E9%9F%B3%E4%B9%90%E8%8A%82&t=31&band_rank=24&Refer=top),赵露思音乐节,entertainment
2025-05-01.md,1. [周深一开嗓唱出踏风破浪](https://s.weibo.com//weibo?q=%23%E5%91%A8%E6%B7%B1%E4%B8%80%E5%BC%80%E5%97%93%E5%94%B1%E5%87%BA%E8%B8%8F%E9%A3%8E%E7%A0%B4%E6%B5%AA%23&t=31&band_rank=9&Refer=top),周深一开嗓唱出踏风破浪,entertainment
2025-05-01.md,1. [张艺兴的舞台](https://s.weibo.com//weibo?q=%E5%BC%A0%E8%89%BA%E5%85%B4%E7%9A%84%E8%88%9E%E5%8F%B0&t=31&band_rank=10&Refer=top),张艺兴的舞台,entertainment
2025-05-01.md,1. [李峋的舞台](https://s.weibo.com//weibo?q=%E6%9D%8E%E5%B3%8B%E7%9A%84%E8%88%9E%E5%8F%B0&t=31&band_rank=11&Refer=top),李峋的舞台,entertainment
2025-05-01.md,1. [石凯 音乐节](https://s.weibo.com//weibo?q=%E7%9F%B3%E5%87%AF%20%E9%9F%B3%E4%B9%90%E8%8A%82&t=31&band_rank=8&Refer=top),石凯 音乐节,entertainment
2025-05-01.md,1. [iG 0比21](https://s.weibo.com//weibo?q=iG%200%E6%AF%9421&t=31&band_rank=17&Refer=top),iG 0比21,entertainment
2025-05-01.md,1. [淮水竹亭热度](https://s.weibo.com//weibo?q=%E6%B7%AE%E6%B0%B4%E7%AB%B9%E4%BA%AD%E7%83%AD%E5%BA%A6&t=31&band_rank=17&Refer=top),淮水竹亭热度,entertainment
2025-05-01.md,1. [董某外公为外籍院士米耀荣系谣言](https://s.weibo.com//weibo?q=%23%E8%91%A3%E6%9F%90%E5%A4%96%E5%85%AC%E4%B8%BA%E5%A4%96%E7%B1%8D%E9%99%A2%E5%A3%AB%E7%B1%B3%E8%80%80%E8%8D%A3%E7%B3%BB%E8%B0%A3%E8%A8%80%23&t=31&band_rank=1&Refer=top),董某外公为外籍院士米耀荣系谣言,social
2025-05-01.md,1. [蓝莓肚脐眼里的霉菌](https://s.weibo.com//weibo?q=%E8%93%9D%E8%8E%93%E8%82%9A%E8%84%90%E7%9C%BC%E9%87%8C%E7%9A%84%E9%9C%89%E8%8F%8C&t=31&band_rank=1&Refer=top),蓝莓肚脐眼里的霉菌,social
2025-05-01.md,1. [继母偷走爷爷留给孙女的8万元遗产](https://s.weibo.com//weibo?q=%23%E7%BB%A7%E6%AF%8D%E5%81%B7%E8%B5%B0%E7%88%B7%E7%88%B7%E7%95%99%E7%BB%99%E5%AD%99%E5%A5%B3%E7%9A%848%E4%B8%87%E5%85%83%E9%81%97%E4%BA%A7%23&t=31&band_rank=13&Refer=top),继母偷走爷爷留给孙女的8万元遗产,social
2025-05-01.md,1. [董某莹1年拿规培证威胁患者安全](https://s.weibo.com//weibo?q=%23%E8%91%A3%E6%9F%90%E8%8E%B91%E5%B9%B4%E6%8B%BF%E8%A7%84%E5%9F%B9%E8%AF%81%E5%A8%81%E8%83%81%E6%82%A3%E8%80%85%E5%AE%89%E5%85%A8%23&t=31&band_rank=13&Refer=top),董某莹1年拿规培证威胁患者安全,social
2025-05-01.md,1. [价值4.1亿画作展出时被小孩刮花](https://s.weibo.com//weibo?q=%23%E4%BB%B7%E5%80%BC4.1%E4%BA%BF%E7%94%BB%E4%BD%9C%E5%B1%95%E5%87%BA%E6%97%B6%E8%A2%AB%E5%B0%8F%E5%AD%A9%E5%88%AE%E8%8A%B1%23&t=31&band_rank=17&Refer=top),价值4.1亿画作展出时被小孩刮花,social
2025-05-01.md,1. [金价大跌购买人数又上来了](https://s.weibo.com//weibo?q=%23%E9%87%91%E4%BB%B7%E5%A4%A7%E8%B7%8C%E8%B4%AD%E4%B9%B0%E4%BA%BA%E6%95%B0%E5%8F%88%E4%B8%8A%E6%9D%A5%E4%BA%86%23&t=31&band_rank=23&Refer=top),金价大跌购买人数又上来了,social
2025-05-01.md,1. [五一假期多地政府食堂排起长龙](https://s.weibo.com//weibo?q=%23%E4%BA%94%E4%B8%80%E5%81%87%E6%9C%9F%E5%A4%9A%E5%9C%B0%E6%94%BF%E5%BA%9C%E9%A3%9F%E5%A0%82%E6%8E%92%E8%B5%B7%E9%95%BF%E9%BE%99%23&t=31&band_rank=25&Refer=top),五一假期多地政府食堂排起长龙,social
2025-05-01.md,1. [这4类促炎食物要少吃](https://s.weibo.com//weibo?q=%23%E8%BF%994%E7%B1%BB%E4%BF%83%E7%82%8E%E9%A3%9F%E7%89%A9%E8%A6%81%E5%B0%91%E5%90%83%23&t=31&band_rank=34&Refer=top),这4类促炎食物要少吃,social
2025-05-01.md,1. [日本再现无差别杀人](https://s.weibo.com//weibo?q=%23%E6%97%A5%E6%9C%AC%E5%86%8D%E7%8E%B0%E6%97%A0%E5%B7%AE%E5%88%AB%E6%9D%80%E4%BA%BA%23&t=31&band_rank=14&Refer=top),日本再现无差别杀人,foreign
2025-05-01.md,1. [特朗普称美国孩子只能有2个玩具了](https://s.weibo.com//weibo?q=%23%E7%89%B9%E6%9C%97%E6%99%AE%E7%A7%B0%E7%BE%8E%E5%9B%BD%E5%AD%A9%E5%AD%90%E5%8F%AA%E8%83%BD%E6%9C%892%E4%B8%AA%E7%8E%A9%E5%85%B7%E4%BA%86%23&t=31&band_rank=6&Refer=top),特朗普称美国孩子只能有2个玩具了,foreign
2025-05-01.md,1. [美国内阁夸夸群](https://s.weibo.com//weibo?q=%23%E7%BE%8E%E5%9B%BD%E5%86%85%E9%98%81%E5%A4%B8%E5%A4%B8%E7%BE%A4%23&t=31&band_rank=15&Refer=top),美国内阁夸夸群,foreign
2025-05-01.md,1. [马斯克被爆踢出局](https://s.weibo.com//weibo?q=%23%E9%A9%AC%E6%96%AF%E5%85%8B%E8%A2%AB%E7%88%86%E8%B8%A2%E5%87%BA%E5%B1%80%23&t=31&band_rank=2&Refer=top),马斯克被爆踢出局,foreign
2025-05-01.md,1. [美国经济7成概率陷入衰退](https://s.weibo.com//weibo?q=%23%E7%BE%8E%E5%9B%BD%E7%BB%8F%E6%B5%8E7%E6%88%90%E6%A6%82%E7%8E%87%E9%99%B7%E5%85%A5%E8%A1%B0%E9%80%80%23&t=31&band_rank=30&Refer=top),美国经济7成概率陷入衰退,foreign
2025-05-01.md,1. [日本救援队搜救3个月前落坑老人](https://s.weibo.com//weibo?q=%23%E6%97%A5%E6%9C%AC%E6%95%91%E6%8F%B4%E9%98%9F%E6%90%9C%E6%95%913%E4%B8%AA%E6%9C%88%E5%89%8D%E8%90%BD%E5%9D%91%E8%80%81%E4%BA%BA%23&t=31&band_rank=30&Refer=top),日本救援队搜救3个月前落坑老人,foreign
2025-05-01.md,1. [特朗普送别马斯克](https://s.weibo.com//weibo?q=%23%E7%89%B9%E6%9C%97%E6%99%AE%E9%80%81%E5%88%AB%E9%A9%AC%E6%96%AF%E5%85%8B%23&t=31&band_rank=30&Refer=top),特朗普送别马斯克,foreign
2025-05-01.md,1. [乌克兰与美国签署的矿产协议包含哪些关键条款](https://s.weibo.com//weibo?q=%E4%B9%8C%E5%85%8B%E5%85%B0%E4%B8%8E%E7%BE%8E%E5%9B%BD%E7%AD%BE%E7%BD%B2%E7%9A%84%E7%9F%BF%E4%BA%A7%E5%8D%8F%E8%AE%AE%E5%8C%85%E5%90%AB%E5%93%AA%E4%BA%9B%E5%85%B3%E9%94%AE%E6%9D%A1%E6%AC%BE&t=31&band_rank=20&Refer=top),乌克兰与美国签署的矿产协议包含哪些关键条款,foreign
2025-05-01.md,1. [韩国月子中心都吃什么](https://s.weibo.com//weibo?q=%E9%9F%A9%E5%9B%BD%E6%9C%88%E5%AD%90%E4%B8%AD%E5%BF%83%E9%83%BD%E5%90%83%E4%BB%80%E4%B9%88&t=31&band_rank=25&Refer=top),韩国月子中心都吃什么,foreign
2025-05-01.md,1. [教育博主称张继科吹牛遭其怒怼](https://s.weibo.com//weibo?q=%23%E6%95%99%E8%82%B2%E5%8D%9A%E4%B8%BB%E7%A7%B0%E5%BC%A0%E7%BB%A7%E7%A7%91%E5%90%B9%E7%89%9B%E9%81%AD%E5%85%B6%E6%80%92%E6%80%BC%23&t=31&band_rank=32&Refer=top),教育博主称张继科吹牛遭其怒怼,entertainment
2025-05-01.md,1. [预计2025年黄金均价将达3065美元](https://s.weibo.com//weibo?q=%23%E9%A2%84%E8%AE%A12025%E5%B9%B4%E9%BB%84%E9%87%91%E5%9D%87%E4%BB%B7%E5%B0%86%E8%BE%BE3065%E7%BE%8E%E5%85%83%23&t=31&band_rank=25&Refer=top),预计2025年黄金均价将达3065美元,social
2025-05-01.md,1. [女大学生旱厕捞手机掉化粪池溺亡](https://s.weibo.com//weibo?q=%23%E5%A5%B3%E5%A4%A7%E5%AD%A6%E7%94%9F%E6%97%B1%E5%8E%95%E6%8D%9E%E6%89%8B%E6%9C%BA%E6%8E%89%E5%8C%96%E7%B2%AA%E6%B1%A0%E6%BA%BA%E4%BA%A1%23&t=31&band_rank=21&Refer=top),女大学生旱厕捞手机掉化粪池溺亡,social
2025-05-01.md,1. [饿了么害我一天三杯奶茶](https://s.weibo.com//weibo?q=%23%E9%A5%BF%E4%BA%86%E4%B9%88%E5%AE%B3%E6%88%91%E4%B8%80%E5%A4%A9%E4%B8%89%E6%9D%AF%E5%A5%B6%E8%8C%B6%23&t=31&band_rank=15&Refer=top),饿了么害我一天三杯奶茶,social
2025-05-06.md,1. [3个数字前瞻习主席俄罗斯之行](https://s.weibo.com//weibo?q=%233%E4%B8%AA%E6%95%B0%E5%AD%97%E5%89%8D%E7%9E%BB%E4%B9%A0%E4%B8%BB%E5%B8%AD%E4%BF%84%E7%BD%97%E6%96%AF%E4%B9%8B%E8%A1%8C%23&Refer=new_time),3个数字前瞻习主席俄罗斯之行,politics
2025-05-06.md,1. [斯凯奇宣布退市](https://s.weibo.com//weibo?q=%23%E6%96%AF%E5%87%AF%E5%A5%87%E5%AE%A3%E5%B8%83%E9%80%80%E5%B8%82%23&t=31&band_rank=2&Refer=top),斯凯奇宣布退市,social
2025-05-06.md,1. [刘畊宏方已报警](https://s.weibo.com//weibo?q=%23%E5%88%98%E7%95%8A%E5%AE%8F%E6%96%B9%E5%B7%B2%E6%8A%A5%E8%AD%A6%23&t=31&band_rank=32&Refer=top),刘畊宏方已报警,entertainment
2025-05-06.md,1. [微信支付一直在花我的钱](https://s.weibo.com//weibo?q=%E5%BE%AE%E4%BF%A1%E6%94%AF%E4%BB%98%E4%B8%80%E7%9B%B4%E5%9C%A8%E8%8A%B1%E6%88%91%E7%9A%84%E9%92%B1&t=31&band_rank=4&Refer=top),微信支付一直在花我的钱,social
2025-05-06.md,1. [德国新一任总理默茨](https://s.weibo.com//weibo?q=%23%E5%BE%B7%E5%9B%BD%E6%96%B0%E4%B8%80%E4%BB%BB%E6%80%BB%E7%90%86%E9%BB%98%E8%8C%A8%23&t=31&band_rank=10&Refer=top),德国新一任总理默茨,foriegn
2025-05-06.md,1. [TTG对战KLG](https://s.weibo.com//weibo?q=%23TTG%E5%AF%B9%E6%88%98KLG%23&t=31&band_rank=29&Refer=top),TTG对战KLG,entertainment
2025-05-06.md,1. [国新办发布会预告](https://s.weibo.com//weibo?q=%23%E5%9B%BD%E6%96%B0%E5%8A%9E%E5%8F%91%E5%B8%83%E4%BC%9A%E9%A2%84%E5%91%8A%23&t=31&band_rank=28&Refer=top),国新办发布会预告,politics
2025-05-06.md,1. [外交部回应长和获准出售港口](https://s.weibo.com//weibo?q=%23%E5%A4%96%E4%BA%A4%E9%83%A8%E5%9B%9E%E5%BA%94%E9%95%BF%E5%92%8C%E8%8E%B7%E5%87%86%E5%87%BA%E5%94%AE%E6%B8%AF%E5%8F%A3%23&t=31&band_rank=22&Refer=top),外交部回应长和获准出售港口,politics
2025-05-06.md,1. [中方强烈谴责美中情局招募间谍](https://s.weibo.com//weibo?q=%23%E4%B8%AD%E6%96%B9%E5%BC%BA%E7%83%88%E8%B0%B4%E8%B4%A3%E7%BE%8E%E4%B8%AD%E6%83%85%E5%B1%80%E6%8B%9B%E5%8B%9F%E9%97%B4%E8%B0%8D%23&t=31&band_rank=29&Refer=top),中方强烈谴责美中情局招募间谍,politics
2025-05-06.md,1. [央视曝光兼职注册APP账号猫腻](https://s.weibo.com//weibo?q=%23%E5%A4%AE%E8%A7%86%E6%9B%9D%E5%85%89%E5%85%BC%E8%81%8C%E6%B3%A8%E5%86%8CAPP%E8%B4%A6%E5%8F%B7%E7%8C%AB%E8%85%BB%23&t=31&band_rank=34&Refer=top),央视曝光兼职注册APP账号猫腻,social
2025-05-06.md,1. [六旬阿姨撞树锻炼致腰椎椎体坏死](https://s.weibo.com//weibo?q=%23%E5%85%AD%E6%97%AC%E9%98%BF%E5%A7%A8%E6%92%9E%E6%A0%91%E9%94%BB%E7%82%BC%E8%87%B4%E8%85%B0%E6%A4%8E%E6%A4%8E%E4%BD%93%E5%9D%8F%E6%AD%BB%23&t=31&band_rank=49&Refer=top),六旬阿姨撞树锻炼致腰椎椎体坏死,social
2025-05-06.md,1. [中国医药指南承认学术不端](https://s.weibo.com//weibo?q=%23%E4%B8%AD%E5%9B%BD%E5%8C%BB%E8%8D%AF%E6%8C%87%E5%8D%97%E6%89%BF%E8%AE%A4%E5%AD%A6%E6%9C%AF%E4%B8%8D%E7%AB%AF%23&t=31&band_rank=23&Refer=top),中国医药指南承认学术不端,social
2025-05-06.md,1. [山东滕州致6人死亡肇事司机被刑拘](https://s.weibo.com//weibo?q=%23%E5%B1%B1%E4%B8%9C%E6%BB%95%E5%B7%9E%E8%87%B46%E4%BA%BA%E6%AD%BB%E4%BA%A1%E8%82%87%E4%BA%8B%E5%8F%B8%E6%9C%BA%E8%A2%AB%E5%88%91%E6%8B%98%23&t=31&band_rank=7&Refer=top),山东滕州致6人死亡肇事司机被刑拘,social
2025-05-06.md,1. [中方和欧洲议会全面取消对交往的限制](https://s.weibo.com//weibo?q=%23%E4%B8%AD%E6%96%B9%E5%92%8C%E6%AC%A7%E6%B4%B2%E8%AE%AE%E4%BC%9A%E5%85%A8%E9%9D%A2%E5%8F%96%E6%B6%88%E5%AF%B9%E4%BA%A4%E5%BE%80%E7%9A%84%E9%99%90%E5%88%B6%23&t=31&band_rank=7&Refer=top),中方和欧洲议会全面取消对交往的限制,politcs
2025-05-06.md,1. [陕西礼泉一村民被冒名贷款40余万](https://s.weibo.com//weibo?q=%23%E9%99%95%E8%A5%BF%E7%A4%BC%E6%B3%89%E4%B8%80%E6%9D%91%E6%B0%91%E8%A2%AB%E5%86%92%E5%90%8D%E8%B4%B7%E6%AC%BE40%E4%BD%99%E4%B8%87%23&t=31&band_rank=20&Refer=top),陕西礼泉一村民被冒名贷款40余万,social
2025-05-06.md,1. [好莱坞对特朗普政府电影关税感到震惊](https://s.weibo.com//weibo?q=%23%E5%A5%BD%E8%8E%B1%E5%9D%9E%E5%AF%B9%E7%89%B9%E6%9C%97%E6%99%AE%E6%94%BF%E5%BA%9C%E7%94%B5%E5%BD%B1%E5%85%B3%E7%A8%8E%E6%84%9F%E5%88%B0%E9%9C%87%E6%83%8A%23&t=31&band_rank=15&Refer=top),好莱坞对特朗普政府电影关税感到震惊,foreign
2025-05-06.md,1. [马斯克称地球会被太阳焚化](https://s.weibo.com//weibo?q=%23%E9%A9%AC%E6%96%AF%E5%85%8B%E7%A7%B0%E5%9C%B0%E7%90%83%E4%BC%9A%E8%A2%AB%E5%A4%AA%E9%98%B3%E7%84%9A%E5%8C%96%23&t=31&band_rank=11&Refer=top),马斯克称地球会被太阳焚化,foreign
2025-05-06.md,1. [越南新娘为何接二连三失踪](https://s.weibo.com//weibo?q=%23%E8%B6%8A%E5%8D%97%E6%96%B0%E5%A8%98%E4%B8%BA%E4%BD%95%E6%8E%A5%E4%BA%8C%E8%BF%9E%E4%B8%89%E5%A4%B1%E8%B8%AA%23&t=31&band_rank=20&Refer=top),越南新娘为何接二连三失踪,foreign
2025-05-06.md,1. [美东北部多州撇开白宫自己谈关税](https://s.weibo.com//weibo?q=%23%E7%BE%8E%E4%B8%9C%E5%8C%97%E9%83%A8%E5%A4%9A%E5%B7%9E%E6%92%87%E5%BC%80%E7%99%BD%E5%AE%AB%E8%87%AA%E5%B7%B1%E8%B0%88%E5%85%B3%E7%A8%8E%23&t=31&band_rank=48&Refer=top),美东北部多州撇开白宫自己谈关税,foreign
2025-05-06.md,1. [外交部回应中美是否就关税问题谈判](https://s.weibo.com//weibo?q=%23%E5%A4%96%E4%BA%A4%E9%83%A8%E5%9B%9E%E5%BA%94%E4%B8%AD%E7%BE%8E%E6%98%AF%E5%90%A6%E5%B0%B1%E5%85%B3%E7%A8%8E%E9%97%AE%E9%A2%98%E8%B0%88%E5%88%A4%23&t=31&band_rank=39&Refer=top),外交部回应中美是否就关税问题谈判,politics
2025-05-06.md,1. [新西兰拟16岁以下禁用社交媒体](https://s.weibo.com//weibo?q=%23%E6%96%B0%E8%A5%BF%E5%85%B0%E6%8B%9F16%E5%B2%81%E4%BB%A5%E4%B8%8B%E7%A6%81%E7%94%A8%E7%A4%BE%E4%BA%A4%E5%AA%92%E4%BD%93%23&t=31&band_rank=28&Refer=top),新西兰拟16岁以下禁用社交媒体,forieng
2025-05-06.md,1. [美国告别动物实验新药还安全吗](https://s.weibo.com//weibo?q=%23%E7%BE%8E%E5%9B%BD%E5%91%8A%E5%88%AB%E5%8A%A8%E7%89%A9%E5%AE%9E%E9%AA%8C%E6%96%B0%E8%8D%AF%E8%BF%98%E5%AE%89%E5%85%A8%E5%90%97%23&t=31&band_rank=15&Refer=top),美国告别动物实验新药还安全吗,foreign
2025-05-06.md,1. [日本青森县出现的地鸣现象预示什么](https://s.weibo.com//weibo?q=%E6%97%A5%E6%9C%AC%E9%9D%92%E6%A3%AE%E5%8E%BF%E5%87%BA%E7%8E%B0%E7%9A%84%E5%9C%B0%E9%B8%A3%E7%8E%B0%E8%B1%A1%E9%A2%84%E7%A4%BA%E4%BB%80%E4%B9%88&t=31&band_rank=20&Refer=top),日本青森县出现的地鸣现象预示什么,foreign
2025-05-06.md,1. [易烊千玺墨香大片](https://s.weibo.com//weibo?q=%23%E6%98%93%E7%83%8A%E5%8D%83%E7%8E%BA%E5%A2%A8%E9%A6%99%E5%A4%A7%E7%89%87%23&t=31&band_rank=49&Refer=top),易烊千玺墨香大片,entertainment
2025-05-06.md,1. [小杨哥停更9个月掉粉超1300万](https://s.weibo.com//weibo?q=%23%E5%B0%8F%E6%9D%A8%E5%93%A5%E5%81%9C%E6%9B%B49%E4%B8%AA%E6%9C%88%E6%8E%89%E7%B2%89%E8%B6%851300%E4%B8%87%23&t=31&band_rank=8&Refer=top),小杨哥停更9个月掉粉超1300万,entertainment
2025-05-06.md,1. [腾讯视频五月大剧片单](https://s.weibo.com//weibo?q=%23%E8%85%BE%E8%AE%AF%E8%A7%86%E9%A2%91%E4%BA%94%E6%9C%88%E5%A4%A7%E5%89%A7%E7%89%87%E5%8D%95%23&t=31&band_rank=6&Refer=top),腾讯视频五月大剧片单,entertainment
2025-05-06.md,1. [白敬亭潮牌质量](https://s.weibo.com//weibo?q=%23%E7%99%BD%E6%95%AC%E4%BA%AD%E6%BD%AE%E7%89%8C%E8%B4%A8%E9%87%8F%23&t=31&band_rank=4&Refer=top),白敬亭潮牌质量,entertainment
2025-05-06.md,1. [奇迹暖暖十周年](https://s.weibo.com//weibo?q=%23%E5%A5%87%E8%BF%B9%E6%9A%96%E6%9A%96%E5%8D%81%E5%91%A8%E5%B9%B4%23&t=31&band_rank=47&Refer=top),奇迹暖暖十周年,entertainment
2025-05-06.md,1. [Jennie人间香奈儿](https://s.weibo.com//weibo?q=Jennie%E4%BA%BA%E9%97%B4%E9%A6%99%E5%A5%88%E5%84%BF&t=31&band_rank=33&Refer=top),Jennie人间香奈儿,
2025-05-06.md,1. [金泰梨二封百想视后](https://s.weibo.com//weibo?q=%23%E9%87%91%E6%B3%B0%E6%A2%A8%E4%BA%8C%E5%B0%81%E7%99%BE%E6%83%B3%E8%A7%86%E5%90%8E%23&t=31&band_rank=4&Refer=top),金泰梨二封百想视后,
2025-05-02.md,1. [EDG回家](https://s.weibo.com//weibo?q=EDG%E5%9B%9E%E5%AE%B6&t=31&band_rank=2&Refer=top),EDG回家,entertainment
2025-05-02.md,1. [Bin blg回来了](https://s.weibo.com//weibo?q=Bin%20blg%E5%9B%9E%E6%9D%A5%E4%BA%86&t=31&band_rank=4&Refer=top),Bin blg回来了,entertainment
2025-05-02.md,1. [美国人正绕过关税打飞的来华购物](https://s.weibo.com//weibo?q=%23%E7%BE%8E%E5%9B%BD%E4%BA%BA%E6%AD%A3%E7%BB%95%E8%BF%87%E5%85%B3%E7%A8%8E%E6%89%93%E9%A3%9E%E7%9A%84%E6%9D%A5%E5%8D%8E%E8%B4%AD%E7%89%A9%23&t=31&band_rank=10&Refer=top),美国人正绕过关税打飞的来华购物,foreign
2025-05-02.md,1. [AG七连进决赛](https://s.weibo.com//weibo?q=%23AG%E4%B8%83%E8%BF%9E%E8%BF%9B%E5%86%B3%E8%B5%9B%23&t=31&band_rank=35&Refer=top),AG七连进决赛,entertainment
2025-05-02.md,1. [美国人提醒美国不可能取代中国](https://s.weibo.com//weibo?q=%23%E7%BE%8E%E5%9B%BD%E4%BA%BA%E6%8F%90%E9%86%92%E7%BE%8E%E5%9B%BD%E4%B8%8D%E5%8F%AF%E8%83%BD%E5%8F%96%E4%BB%A3%E4%B8%AD%E5%9B%BD%23&t=31&band_rank=10&Refer=top),美国人提醒美国不可能取代中国,foreign
2025-05-02.md,1. [第一视角感受各行各业奋斗日常](https://s.weibo.com//weibo?q=%23%E7%AC%AC%E4%B8%80%E8%A7%86%E8%A7%92%E6%84%9F%E5%8F%97%E5%90%84%E8%A1%8C%E5%90%84%E4%B8%9A%E5%A5%8B%E6%96%97%E6%97%A5%E5%B8%B8%23&t=31&band_rank=50&Refer=top),第一视角感受各行各业奋斗日常,social
2025-05-02.md,1. [科学谋划好十五五总书记这样强调](https://s.weibo.com//weibo?q=%23%E7%A7%91%E5%AD%A6%E8%B0%8B%E5%88%92%E5%A5%BD%E5%8D%81%E4%BA%94%E4%BA%94%E6%80%BB%E4%B9%A6%E8%AE%B0%E8%BF%99%E6%A0%B7%E5%BC%BA%E8%B0%83%23&Refer=new_time),科学谋划好十五五总书记这样强调,politics
2025-05-02.md,1. [成都蓉城vs上海申花](https://s.weibo.com//weibo?q=%23%E6%88%90%E9%83%BD%E8%93%89%E5%9F%8Evs%E4%B8%8A%E6%B5%B7%E7%94%B3%E8%8A%B1%23&t=31&band_rank=29&Refer=top),成都蓉城vs上海申花,entertainment
2025-05-02.md,1. [美军战机正运往乌克兰](https://s.weibo.com//weibo?q=%23%E7%BE%8E%E5%86%9B%E6%88%98%E6%9C%BA%E6%AD%A3%E8%BF%90%E5%BE%80%E4%B9%8C%E5%85%8B%E5%85%B0%23&t=31&band_rank=10&Refer=top),美军战机正运往乌克兰,foreign
2025-05-02.md,1. [12306回应动车停摆乘客被困4小时](https://s.weibo.com//weibo?q=12306%E5%9B%9E%E5%BA%94%E5%8A%A8%E8%BD%A6%E5%81%9C%E6%91%86%E4%B9%98%E5%AE%A2%E8%A2%AB%E5%9B%B04%E5%B0%8F%E6%97%B6&t=31&band_rank=33&Refer=top),12306回应动车停摆乘客被困4小时,social
2025-05-02.md,1. [王楚钦被球砸脸还笑场](https://s.weibo.com//weibo?q=%23%E7%8E%8B%E6%A5%9A%E9%92%A6%E8%A2%AB%E7%90%83%E7%A0%B8%E8%84%B8%E8%BF%98%E7%AC%91%E5%9C%BA%23&t=31&band_rank=6&Refer=top),王楚钦被球砸脸还笑场,entertainment
2025-05-02.md,1. [迪丽热巴跳团播舞](https://s.weibo.com//weibo?q=%23%E8%BF%AA%E4%B8%BD%E7%83%AD%E5%B7%B4%E8%B7%B3%E5%9B%A2%E6%92%AD%E8%88%9E%23&t=31&band_rank=47&Refer=top),迪丽热巴跳团播舞,entertainment
2025-05-02.md,1. [直播五一假期的景点](https://s.weibo.com//weibo?q=%23%E7%9B%B4%E6%92%AD%E4%BA%94%E4%B8%80%E5%81%87%E6%9C%9F%E7%9A%84%E6%99%AF%E7%82%B9%23&t=31&band_rank=19&Refer=top),直播五一假期的景点,social
2025-05-02.md,1. [特朗普建议商科学生投身工厂](https://s.weibo.com//weibo?q=%E7%89%B9%E6%9C%97%E6%99%AE%E5%BB%BA%E8%AE%AE%E5%95%86%E7%A7%91%E5%AD%A6%E7%94%9F%E6%8A%95%E8%BA%AB%E5%B7%A5%E5%8E%82&t=31&band_rank=26&Refer=top),特朗普建议商科学生投身工厂,foreign
2025-05-02.md,1. [中方正在评估是否和美方谈](https://s.weibo.com//weibo?q=%23%E4%B8%AD%E6%96%B9%E6%AD%A3%E5%9C%A8%E8%AF%84%E4%BC%B0%E6%98%AF%E5%90%A6%E5%92%8C%E7%BE%8E%E6%96%B9%E8%B0%88%23&t=31&band_rank=5&Refer=top),中方正在评估是否和美方谈,politics
2025-05-02.md,1. [商务部回应中美经贸对话磋商情况](https://s.weibo.com//weibo?q=%23%E5%95%86%E5%8A%A1%E9%83%A8%E5%9B%9E%E5%BA%94%E4%B8%AD%E7%BE%8E%E7%BB%8F%E8%B4%B8%E5%AF%B9%E8%AF%9D%E7%A3%8B%E5%95%86%E6%83%85%E5%86%B5%23&t=31&band_rank=34&Refer=top),商务部回应中美经贸对话磋商情况,politics
2025-05-02.md,1. [美国务卿鲁比奥兼任国家安全顾问](https://s.weibo.com//weibo?q=%23%E7%BE%8E%E5%9B%BD%E5%8A%A1%E5%8D%BF%E9%B2%81%E6%AF%94%E5%A5%A5%E5%85%BC%E4%BB%BB%E5%9B%BD%E5%AE%B6%E5%AE%89%E5%85%A8%E9%A1%BE%E9%97%AE%23&t=31&band_rank=47&Refer=top),美国务卿鲁比奥兼任国家安全顾问,foriegn
2025-05-02.md,1. [日本皇室史上首次被偷生活费](https://s.weibo.com//weibo?q=%23%E6%97%A5%E6%9C%AC%E7%9A%87%E5%AE%A4%E5%8F%B2%E4%B8%8A%E9%A6%96%E6%AC%A1%E8%A2%AB%E5%81%B7%E7%94%9F%E6%B4%BB%E8%B4%B9%23&t=31&band_rank=33&Refer=top),日本皇室史上首次被偷生活费,foreign
2025-05-02.md,1. [董某外公为外籍院士米耀荣系谣言](https://s.weibo.com//weibo?q=%23%E8%91%A3%E6%9F%90%E5%A4%96%E5%85%AC%E4%B8%BA%E5%A4%96%E7%B1%8D%E9%99%A2%E5%A3%AB%E7%B1%B3%E8%80%80%E8%8D%A3%E7%B3%BB%E8%B0%A3%E8%A8%80%23&t=31&band_rank=8&Refer=top),董某外公为外籍院士米耀荣系谣言,social
2025-05-02.md,1. [男内侍偷走日本皇室零花钱360万](https://s.weibo.com//weibo?q=%23%E7%94%B7%E5%86%85%E4%BE%8D%E5%81%B7%E8%B5%B0%E6%97%A5%E6%9C%AC%E7%9A%87%E5%AE%A4%E9%9B%B6%E8%8A%B1%E9%92%B1360%E4%B8%87%23&t=31&band_rank=4&Refer=top),男内侍偷走日本皇室零花钱360万,foreign
2025-05-02.md,1. [加沙一袋面粉卖4000元](https://s.weibo.com//weibo?q=%23%E5%8A%A0%E6%B2%99%E4%B8%80%E8%A2%8B%E9%9D%A2%E7%B2%89%E5%8D%964000%E5%85%83%23&t=31&band_rank=17&Refer=top),加沙一袋面粉卖4000元,foreign
2025-05-02.md,1. [美方想谈就应拿出谈的诚意](https://s.weibo.com//weibo?q=%23%E7%BE%8E%E6%96%B9%E6%83%B3%E8%B0%88%E5%B0%B1%E5%BA%94%E6%8B%BF%E5%87%BA%E8%B0%88%E7%9A%84%E8%AF%9A%E6%84%8F%23&t=31&band_rank=29&Refer=top),美方想谈就应拿出谈的诚意,politics
2025-05-02.md,1. [董明珠说能干不是文凭说了算](https://s.weibo.com//weibo?q=%23%E8%91%A3%E6%98%8E%E7%8F%A0%E8%AF%B4%E8%83%BD%E5%B9%B2%E4%B8%8D%E6%98%AF%E6%96%87%E5%87%AD%E8%AF%B4%E4%BA%86%E7%AE%97%23&t=31&band_rank=41&Refer=top),董明珠说能干不是文凭说了算,social
2025-05-02.md,1. [种了27年的地因未退耕被判刑6个月](https://s.weibo.com//weibo?q=%23%E7%A7%8D%E4%BA%8627%E5%B9%B4%E7%9A%84%E5%9C%B0%E5%9B%A0%E6%9C%AA%E9%80%80%E8%80%95%E8%A2%AB%E5%88%A4%E5%88%916%E4%B8%AA%E6%9C%88%23&t=31&band_rank=16&Refer=top),种了27年的地因未退耕被判刑6个月,social
2025-05-02.md,1. [80后国企财务成短剧恶婆婆专业户](https://s.weibo.com//weibo?q=%2380%E5%90%8E%E5%9B%BD%E4%BC%81%E8%B4%A2%E5%8A%A1%E6%88%90%E7%9F%AD%E5%89%A7%E6%81%B6%E5%A9%86%E5%A9%86%E4%B8%93%E4%B8%9A%E6%88%B7%23&t=31&band_rank=35&Refer=top),80后国企财务成短剧恶婆婆专业户,social
2025-05-02.md,1. [小米回应SU7Ultra限制1500匹马力](https://s.weibo.com//weibo?q=%23%E5%B0%8F%E7%B1%B3%E5%9B%9E%E5%BA%94SU7Ultra%E9%99%90%E5%88%B61500%E5%8C%B9%E9%A9%AC%E5%8A%9B%23&t=31&band_rank=30&Refer=top),小米回应SU7Ultra限制1500匹马力,social
2025-05-02.md,1. [外交部回应韩国偶像组合将赴华演出](https://s.weibo.com//weibo?q=%23%E5%A4%96%E4%BA%A4%E9%83%A8%E5%9B%9E%E5%BA%94%E9%9F%A9%E5%9B%BD%E5%81%B6%E5%83%8F%E7%BB%84%E5%90%88%E5%B0%86%E8%B5%B4%E5%8D%8E%E6%BC%94%E5%87%BA%23&t=31&band_rank=1&Refer=top),外交部回应韩国偶像组合将赴华演出,politics
2025-05-02.md,1. [总书记关怀劳动者的温暖瞬间](https://s.weibo.com//weibo?q=%23%E6%80%BB%E4%B9%A6%E8%AE%B0%E5%85%B3%E6%80%80%E5%8A%B3%E5%8A%A8%E8%80%85%E7%9A%84%E6%B8%A9%E6%9A%96%E7%9E%AC%E9%97%B4%23&Refer=new_time),总书记关怀劳动者的温暖瞬间,politics
2025-05-02.md,1. [国家卫健委启动最高层级医政调查](https://s.weibo.com//weibo?q=%23%E5%9B%BD%E5%AE%B6%E5%8D%AB%E5%81%A5%E5%A7%94%E5%90%AF%E5%8A%A8%E6%9C%80%E9%AB%98%E5%B1%82%E7%BA%A7%E5%8C%BB%E6%94%BF%E8%B0%83%E6%9F%A5%23&t=31&band_rank=37&Refer=top),国家卫健委启动最高层级医政调查,social
2025-05-02.md,1. [爷们要脸文学](https://s.weibo.com//weibo?q=%E7%88%B7%E4%BB%AC%E8%A6%81%E8%84%B8%E6%96%87%E5%AD%A6&t=31&band_rank=40&Refer=top),爷们要脸文学,entertainment
2025-05-03.md,1. [为中国式现代化建设贡献青春力量](https://s.weibo.com//weibo?q=%23%E4%B8%BA%E4%B8%AD%E5%9B%BD%E5%BC%8F%E7%8E%B0%E4%BB%A3%E5%8C%96%E5%BB%BA%E8%AE%BE%E8%B4%A1%E7%8C%AE%E9%9D%92%E6%98%A5%E5%8A%9B%E9%87%8F%23&Refer=new_time),为中国式现代化建设贡献青春力量,politics
2025-05-03.md,1. [特朗普把自己P成了教皇](https://s.weibo.com//weibo?q=%23%E7%89%B9%E6%9C%97%E6%99%AE%E6%8A%8A%E8%87%AA%E5%B7%B1P%E6%88%90%E4%BA%86%E6%95%99%E7%9A%87%23&t=31&band_rank=10&Refer=top),特朗普把自己P成了教皇,foreign
2025-05-03.md,1. [加州州长最新涉华表态](https://s.weibo.com//weibo?q=%23%E5%8A%A0%E5%B7%9E%E5%B7%9E%E9%95%BF%E6%9C%80%E6%96%B0%E6%B6%89%E5%8D%8E%E8%A1%A8%E6%80%81%23&t=31&band_rank=40&Refer=top),加州州长最新涉华表态,foreign
2025-05-03.md,1. [美军盲信网红情报轰炸致8平民死亡](https://s.weibo.com//weibo?q=%23%E7%BE%8E%E5%86%9B%E7%9B%B2%E4%BF%A1%E7%BD%91%E7%BA%A2%E6%83%85%E6%8A%A5%E8%BD%B0%E7%82%B8%E8%87%B48%E5%B9%B3%E6%B0%91%E6%AD%BB%E4%BA%A1%23&t=31&band_rank=24&Refer=top),美军盲信网红情报轰炸致8平民死亡,foreign
2025-05-03.md,1. [泽连斯基拒绝普京72小时停火提议](https://s.weibo.com//weibo?q=%23%E6%B3%BD%E8%BF%9E%E6%96%AF%E5%9F%BA%E6%8B%92%E7%BB%9D%E6%99%AE%E4%BA%AC72%E5%B0%8F%E6%97%B6%E5%81%9C%E7%81%AB%E6%8F%90%E8%AE%AE%23&t=31&band_rank=34&Refer=top),泽连斯基拒绝普京72小时停火提议,foreign
2025-05-03.md,1. [多架土耳其战机出现在叙利亚](https://s.weibo.com//weibo?q=%E5%A4%9A%E6%9E%B6%E5%9C%9F%E8%80%B3%E5%85%B6%E6%88%98%E6%9C%BA%E5%87%BA%E7%8E%B0%E5%9C%A8%E5%8F%99%E5%88%A9%E4%BA%9A&t=31&band_rank=40&Refer=top),多架土耳其战机出现在叙利亚,foreign
2025-05-03.md,1. [荷兰露天男厕](https://s.weibo.com//weibo?q=%E8%8D%B7%E5%85%B0%E9%9C%B2%E5%A4%A9%E7%94%B7%E5%8E%95&t=31&band_rank=16&Refer=top),荷兰露天男厕,foreign
2025-05-03.md,1. [日本称1万亿美债是谈判工具](https://s.weibo.com//weibo?q=%23%E6%97%A5%E6%9C%AC%E7%A7%B01%E4%B8%87%E4%BA%BF%E7%BE%8E%E5%80%BA%E6%98%AF%E8%B0%88%E5%88%A4%E5%B7%A5%E5%85%B7%23&t=31&band_rank=38&Refer=top),日本称1万亿美债是谈判工具,foreign
2025-05-03.md,1. [女子爱上ChatGPT要与丈夫离婚](https://s.weibo.com//weibo?q=%23%E5%A5%B3%E5%AD%90%E7%88%B1%E4%B8%8AChatGPT%E8%A6%81%E4%B8%8E%E4%B8%88%E5%A4%AB%E7%A6%BB%E5%A9%9A%23&t=31&band_rank=30&Refer=top),女子爱上ChatGPT要与丈夫离婚,social
2025-05-03.md,1. [TES对战IG](https://s.weibo.com//weibo?q=TES%E5%AF%B9%E6%88%98IG&t=31&band_rank=47&Refer=top),TES对战IG,entertainment
2025-05-03.md,1. [总书记寄望新时代青年](https://s.weibo.com//weibo?q=%23%E6%80%BB%E4%B9%A6%E8%AE%B0%E5%AF%84%E6%9C%9B%E6%96%B0%E6%97%B6%E4%BB%A3%E9%9D%92%E5%B9%B4%23&Refer=new_time),总书记寄望新时代青年,politics
2025-05-03.md,1. [星穹铁道FateUBW联动](https://s.weibo.com//weibo?q=%E6%98%9F%E7%A9%B9%E9%93%81%E9%81%93FateUBW%E8%81%94%E5%8A%A8&t=31&band_rank=27&Refer=top),星穹铁道FateUBW联动,entertainment
2025-05-03.md,1. [三亚通报网友买水果九斤变六斤](https://s.weibo.com//weibo?q=%23%E4%B8%89%E4%BA%9A%E9%80%9A%E6%8A%A5%E7%BD%91%E5%8F%8B%E4%B9%B0%E6%B0%B4%E6%9E%9C%E4%B9%9D%E6%96%A4%E5%8F%98%E5%85%AD%E6%96%A4%23&t=31&band_rank=49&Refer=top),三亚通报网友买水果九斤变六斤,social
2025-05-03.md,1. [石凯说我不可能自卑](https://s.weibo.com//weibo?q=%23%E7%9F%B3%E5%87%AF%E8%AF%B4%E6%88%91%E4%B8%8D%E5%8F%AF%E8%83%BD%E8%87%AA%E5%8D%91%23&t=31&band_rank=10&Refer=top),石凯说我不可能自卑,entertainment
2025-05-03.md,1. [纽约市上千人抗议游行](https://s.weibo.com//weibo?q=%E7%BA%BD%E7%BA%A6%E5%B8%82%E4%B8%8A%E5%8D%83%E4%BA%BA%E6%8A%97%E8%AE%AE%E6%B8%B8%E8%A1%8C&t=31&band_rank=28&Refer=top),纽约市上千人抗议游行,foreign
2025-05-03.md,1. [邓萃雯callback金枝欲孽](https://s.weibo.com//weibo?q=%E9%82%93%E8%90%83%E9%9B%AFcallback%E9%87%91%E6%9E%9D%E6%AC%B2%E5%AD%BD&t=31&band_rank=50&Refer=top),邓萃雯callback金枝欲孽,entertainment
2025-05-03.md,1. [孙颖莎 嘉人](https://s.weibo.com//weibo?q=%E5%AD%99%E9%A2%96%E8%8E%8E%20%E5%98%89%E4%BA%BA&t=31&band_rank=4&Refer=top),孙颖莎 嘉人,entertainment
2025-05-03.md,1. [虞书欣夹心摇破百万](https://s.weibo.com//weibo?q=%23%E8%99%9E%E4%B9%A6%E6%AC%A3%E5%A4%B9%E5%BF%83%E6%91%87%E7%A0%B4%E7%99%BE%E4%B8%87%23&t=31&band_rank=7&Refer=top),虞书欣夹心摇破百万,entertainment
2025-05-03.md,1. [张小婉管乐天若有情好哭](https://s.weibo.com//weibo?q=%23%E5%BC%A0%E5%B0%8F%E5%A9%89%E7%AE%A1%E4%B9%90%E5%A4%A9%E8%8B%A5%E6%9C%89%E6%83%85%E5%A5%BD%E5%93%AD%23&t=31&band_rank=34&Refer=top),张小婉管乐天若有情好哭,entertainment
2025-05-03.md,1. [欠200万老赖冒用身份坐高铁被拘5日](https://s.weibo.com//weibo?q=%23%E6%AC%A0200%E4%B8%87%E8%80%81%E8%B5%96%E5%86%92%E7%94%A8%E8%BA%AB%E4%BB%BD%E5%9D%90%E9%AB%98%E9%93%81%E8%A2%AB%E6%8B%985%E6%97%A5%23&t=31&band_rank=20&Refer=top),欠200万老赖冒用身份坐高铁被拘5日,social
2025-05-03.md,1. [高中生继承5亿遗产结婚当天坠亡](https://s.weibo.com//weibo?q=%23%E9%AB%98%E4%B8%AD%E7%94%9F%E7%BB%A7%E6%89%BF5%E4%BA%BF%E9%81%97%E4%BA%A7%E7%BB%93%E5%A9%9A%E5%BD%93%E5%A4%A9%E5%9D%A0%E4%BA%A1%23&t=31&band_rank=13&Refer=top),高中生继承5亿遗产结婚当天坠亡,social
2025-05-03.md,1. [南京大屠杀幸存者刘贵祥去世](https://s.weibo.com//weibo?q=%23%E5%8D%97%E4%BA%AC%E5%A4%A7%E5%B1%A0%E6%9D%80%E5%B9%B8%E5%AD%98%E8%80%85%E5%88%98%E8%B4%B5%E7%A5%A5%E5%8E%BB%E4%B8%96%23&t=31&band_rank=15&Refer=top),南京大屠杀幸存者刘贵祥去世,social
2025-05-03.md,1. [景区和游客都不知道对方实力](https://s.weibo.com//weibo?q=%E6%99%AF%E5%8C%BA%E5%92%8C%E6%B8%B8%E5%AE%A2%E9%83%BD%E4%B8%8D%E7%9F%A5%E9%81%93%E5%AF%B9%E6%96%B9%E5%AE%9E%E5%8A%9B&t=31&band_rank=45&Refer=top),景区和游客都不知道对方实力,
2025-05-03.md,1. [人人人人人人景点人人人人人人](https://s.weibo.com//weibo?q=%23%E4%BA%BA%E4%BA%BA%E4%BA%BA%E4%BA%BA%E4%BA%BA%E4%BA%BA%E6%99%AF%E7%82%B9%E4%BA%BA%E4%BA%BA%E4%BA%BA%E4%BA%BA%E4%BA%BA%E4%BA%BA%23&t=31&band_rank=22&Refer=top),人人人人人人景点人人人人人人,social
2025-05-03.md,1. [全国共有共青团员7531.8万名](https://s.weibo.com//weibo?q=%23%E5%85%A8%E5%9B%BD%E5%85%B1%E6%9C%89%E5%85%B1%E9%9D%92%E5%9B%A2%E5%91%987531.8%E4%B8%87%E5%90%8D%23&t=31&band_rank=21&Refer=top),全国共有共青团员7531.8万名,politics
2025-05-03.md,1. [天津航空一航班盘旋14圈才降落](https://s.weibo.com//weibo?q=%23%E5%A4%A9%E6%B4%A5%E8%88%AA%E7%A9%BA%E4%B8%80%E8%88%AA%E7%8F%AD%E7%9B%98%E6%97%8B14%E5%9C%88%E6%89%8D%E9%99%8D%E8%90%BD%23&t=31&band_rank=33&Refer=top),天津航空一航班盘旋14圈才降落,social
2025-05-03.md,1. [黄子韬徐艺洋撕拉片](https://s.weibo.com//weibo?q=%23%E9%BB%84%E5%AD%90%E9%9F%AC%E5%BE%90%E8%89%BA%E6%B4%8B%E6%92%95%E6%8B%89%E7%89%87%23&t=31&band_rank=13&Refer=top),黄子韬徐艺洋撕拉片,entertainment
2025-05-03.md,1. [游客称西湖景区洒农药进了自己嘴里](https://s.weibo.com//weibo?q=%23%E6%B8%B8%E5%AE%A2%E7%A7%B0%E8%A5%BF%E6%B9%96%E6%99%AF%E5%8C%BA%E6%B4%92%E5%86%9C%E8%8D%AF%E8%BF%9B%E4%BA%86%E8%87%AA%E5%B7%B1%E5%98%B4%E9%87%8C%23&t=31&band_rank=10&Refer=top),游客称西湖景区洒农药进了自己嘴里,social
2025-05-03.md,1. [以谈为幌子搞胁迫讹诈对中国行不通](https://s.weibo.com//weibo?q=%23%E4%BB%A5%E8%B0%88%E4%B8%BA%E5%B9%8C%E5%AD%90%E6%90%9E%E8%83%81%E8%BF%AB%E8%AE%B9%E8%AF%88%E5%AF%B9%E4%B8%AD%E5%9B%BD%E8%A1%8C%E4%B8%8D%E9%80%9A%23&t=31&band_rank=41&Refer=top),以谈为幌子搞胁迫讹诈对中国行不通,politics
2025-05-03.md,1. [Bin blg回来了](https://s.weibo.com//weibo?q=Bin%20blg%E5%9B%9E%E6%9D%A5%E4%BA%86&t=31&band_rank=5&Refer=top),Bin blg回来了,entertainment
2025-05-04.md,1. [全季 导盲犬](https://s.weibo.com//weibo?q=%E5%85%A8%E5%AD%A3%20%E5%AF%BC%E7%9B%B2%E7%8A%AC&t=31&band_rank=18&Refer=top),全季 导盲犬,social
2025-05-04.md,1. [日本女孩屡报警遭漠视4个月变白骨](https://s.weibo.com//weibo?q=%23%E6%97%A5%E6%9C%AC%E5%A5%B3%E5%AD%A9%E5%B1%A1%E6%8A%A5%E8%AD%A6%E9%81%AD%E6%BC%A0%E8%A7%864%E4%B8%AA%E6%9C%88%E5%8F%98%E7%99%BD%E9%AA%A8%23&t=31&band_rank=46&Refer=top),日本女孩屡报警遭漠视4个月变白骨,foreign
2025-05-04.md,1. [苏杯中国vs韩国](https://s.weibo.com//weibo?q=%23%E8%8B%8F%E6%9D%AF%E4%B8%AD%E5%9B%BDvs%E9%9F%A9%E5%9B%BD%23&t=31&band_rank=16&Refer=top),苏杯中国vs韩国,entertainment
2025-05-04.md,1. [meiko离开ig原因是什么](https://s.weibo.com//weibo?q=meiko%E7%A6%BB%E5%BC%80ig%E5%8E%9F%E5%9B%A0%E6%98%AF%E4%BB%80%E4%B9%88&t=31&band_rank=40&Refer=top),meiko离开ig原因是什么,entertainment
2025-05-04.md,1. [JYP中国男团首次音乐节](https://s.weibo.com//weibo?q=%23JYP%E4%B8%AD%E5%9B%BD%E7%94%B7%E5%9B%A2%E9%A6%96%E6%AC%A1%E9%9F%B3%E4%B9%90%E8%8A%82%23&t=31&band_rank=46&Refer=top),JYP中国男团首次音乐节,entertainment
2025-05-04.md,1. [习近平寄语青年朋友](https://s.weibo.com//weibo?q=%23%E4%B9%A0%E8%BF%91%E5%B9%B3%E5%AF%84%E8%AF%AD%E9%9D%92%E5%B9%B4%E6%9C%8B%E5%8F%8B%23&Refer=new_time),习近平寄语青年朋友,politics
2025-05-04.md,1. [部分景区因风沙紧急临时闭园或限流](https://s.weibo.com//weibo?q=%23%E9%83%A8%E5%88%86%E6%99%AF%E5%8C%BA%E5%9B%A0%E9%A3%8E%E6%B2%99%E7%B4%A7%E6%80%A5%E4%B8%B4%E6%97%B6%E9%97%AD%E5%9B%AD%E6%88%96%E9%99%90%E6%B5%81%23&t=31&band_rank=14&Refer=top),部分景区因风沙紧急临时闭园或限流,social
2025-05-04.md,1. [麻省理工女硕士香港月租5万的家](https://s.weibo.com//weibo?q=%E9%BA%BB%E7%9C%81%E7%90%86%E5%B7%A5%E5%A5%B3%E7%A1%95%E5%A3%AB%E9%A6%99%E6%B8%AF%E6%9C%88%E7%A7%9F5%E4%B8%87%E7%9A%84%E5%AE%B6&t=31&band_rank=31&Refer=top),麻省理工女硕士香港月租5万的家,social
2025-05-04.md,1. [王一博周深邓为等亮相央视五四晚会](https://s.weibo.com//weibo?q=%23%E7%8E%8B%E4%B8%80%E5%8D%9A%E5%91%A8%E6%B7%B1%E9%82%93%E4%B8%BA%E7%AD%89%E4%BA%AE%E7%9B%B8%E5%A4%AE%E8%A7%86%E4%BA%94%E5%9B%9B%E6%99%9A%E4%BC%9A%23&t=31&band_rank=29&Refer=top),王一博周深邓为等亮相央视五四晚会,entertainment
2025-05-04.md,1. [悟空小猫](https://s.weibo.com//weibo?q=%E6%82%9F%E7%A9%BA%E5%B0%8F%E7%8C%AB&t=31&band_rank=13&Refer=top),悟空小猫,social
2025-05-04.md,1. [日本首相对美国撂狠话](https://s.weibo.com//weibo?q=%23%E6%97%A5%E6%9C%AC%E9%A6%96%E7%9B%B8%E5%AF%B9%E7%BE%8E%E5%9B%BD%E6%92%82%E7%8B%A0%E8%AF%9D%23&t=31&band_rank=27&Refer=top),日本首相对美国撂狠话,foreign
2025-05-04.md,1. [习近平给戍边支教志愿者回信](https://s.weibo.com//weibo?q=%23%E4%B9%A0%E8%BF%91%E5%B9%B3%E7%BB%99%E6%88%8D%E8%BE%B9%E6%94%AF%E6%95%99%E5%BF%97%E6%84%BF%E8%80%85%E5%9B%9E%E4%BF%A1%23&Refer=new_time),习近平给戍边支教志愿者回信,politics
2025-05-04.md,1. [BLACKPINK即将发行专辑](https://s.weibo.com//weibo?q=%23BLACKPINK%E5%8D%B3%E5%B0%86%E5%8F%91%E8%A1%8C%E4%B8%93%E8%BE%91%23&t=31&band_rank=44&Refer=top),BLACKPINK即将发行专辑,entertainment
2025-05-04.md,1. [王权弘业穿着深V就要去见老丈人](https://s.weibo.com//weibo?q=%E7%8E%8B%E6%9D%83%E5%BC%98%E4%B8%9A%E7%A9%BF%E7%9D%80%E6%B7%B1V%E5%B0%B1%E8%A6%81%E5%8E%BB%E8%A7%81%E8%80%81%E4%B8%88%E4%BA%BA&t=31&band_rank=28&Refer=top),王权弘业穿着深V就要去见老丈人,entertainment
2025-05-04.md,1. [医生批评医院公众号文章太烂遭辱骂](https://s.weibo.com//weibo?q=%23%E5%8C%BB%E7%94%9F%E6%89%B9%E8%AF%84%E5%8C%BB%E9%99%A2%E5%85%AC%E4%BC%97%E5%8F%B7%E6%96%87%E7%AB%A0%E5%A4%AA%E7%83%82%E9%81%AD%E8%BE%B1%E9%AA%82%23&t=31&band_rank=36&Refer=top),医生批评医院公众号文章太烂遭辱骂,social
2025-05-04.md,1. [妈妈可能在经历最痛苦的10年](https://s.weibo.com//weibo?q=%E5%A6%88%E5%A6%88%E5%8F%AF%E8%83%BD%E5%9C%A8%E7%BB%8F%E5%8E%86%E6%9C%80%E7%97%9B%E8%8B%A6%E7%9A%8410%E5%B9%B4&t=31&band_rank=31&Refer=top),妈妈可能在经历最痛苦的10年,social
2025-05-04.md,1. [巴基斯坦呼吁中美俄英法介入](https://s.weibo.com//weibo?q=%23%E5%B7%B4%E5%9F%BA%E6%96%AF%E5%9D%A6%E5%91%BC%E5%90%81%E4%B8%AD%E7%BE%8E%E4%BF%84%E8%8B%B1%E6%B3%95%E4%BB%8B%E5%85%A5%23&t=31&band_rank=10&Refer=top),巴基斯坦呼吁中美俄英法介入,foreign
2025-05-04.md,1. [乌称无法确保出席俄阅兵式人士安全](https://s.weibo.com//weibo?q=%23%E4%B9%8C%E7%A7%B0%E6%97%A0%E6%B3%95%E7%A1%AE%E4%BF%9D%E5%87%BA%E5%B8%AD%E4%BF%84%E9%98%85%E5%85%B5%E5%BC%8F%E4%BA%BA%E5%A3%AB%E5%AE%89%E5%85%A8%23&t=31&band_rank=43&Refer=top),乌称无法确保出席俄阅兵式人士安全,foreign
2025-05-04.md,1. [大叔25年卖600万个鸡蛋饼挣4套房](https://s.weibo.com//weibo?q=%23%E5%A4%A7%E5%8F%9425%E5%B9%B4%E5%8D%96600%E4%B8%87%E4%B8%AA%E9%B8%A1%E8%9B%8B%E9%A5%BC%E6%8C%A34%E5%A5%97%E6%88%BF%23&t=31&band_rank=10&Refer=top),大叔25年卖600万个鸡蛋饼挣4套房,social
2025-05-04.md,1. [全国首批养老专业本科生就业现状](https://s.weibo.com//weibo?q=%23%E5%85%A8%E5%9B%BD%E9%A6%96%E6%89%B9%E5%85%BB%E8%80%81%E4%B8%93%E4%B8%9A%E6%9C%AC%E7%A7%91%E7%94%9F%E5%B0%B1%E4%B8%9A%E7%8E%B0%E7%8A%B6%23&t=31&band_rank=45&Refer=top),全国首批养老专业本科生就业现状,social
2025-05-04.md,1. [Meiko 机器人](https://s.weibo.com//weibo?q=Meiko%20%E6%9C%BA%E5%99%A8%E4%BA%BA&t=31&band_rank=48&Refer=top),Meiko 机器人,entertainment
2025-05-04.md,1. [沈马](https://s.weibo.com//weibo?q=%E6%B2%88%E9%A9%AC&t=31&band_rank=18&Refer=top),沈马,entertainment
2025-05-04.md,1. [怀爱国之心立报国之志增强国之能](https://s.weibo.com//weibo?q=%23%E6%80%80%E7%88%B1%E5%9B%BD%E4%B9%8B%E5%BF%83%E7%AB%8B%E6%8A%A5%E5%9B%BD%E4%B9%8B%E5%BF%97%E5%A2%9E%E5%BC%BA%E5%9B%BD%E4%B9%8B%E8%83%BD%23&t=31&band_rank=26&Refer=top),怀爱国之心立报国之志增强国之能,politics
2025-05-04.md,1. [中国驻日本大使向日方提出严正交涉](https://s.weibo.com//weibo?q=%23%E4%B8%AD%E5%9B%BD%E9%A9%BB%E6%97%A5%E6%9C%AC%E5%A4%A7%E4%BD%BF%E5%90%91%E6%97%A5%E6%96%B9%E6%8F%90%E5%87%BA%E4%B8%A5%E6%AD%A3%E4%BA%A4%E6%B6%89%23&t=31&band_rank=29&Refer=top),中国驻日本大使向日方提出严正交涉,politics
2025-05-04.md,1. [最后一批中国商品免关税货船本周入美](https://s.weibo.com//weibo?q=%23%E6%9C%80%E5%90%8E%E4%B8%80%E6%89%B9%E4%B8%AD%E5%9B%BD%E5%95%86%E5%93%81%E5%85%8D%E5%85%B3%E7%A8%8E%E8%B4%A7%E8%88%B9%E6%9C%AC%E5%91%A8%E5%85%A5%E7%BE%8E%23&t=31&band_rank=16&Refer=top),最后一批中国商品免关税货船本周入美,politics
2025-05-04.md,1. [协和4加4培养的是天才还是关系户](https://s.weibo.com//weibo?q=%23%E5%8D%8F%E5%92%8C4%E5%8A%A04%E5%9F%B9%E5%85%BB%E7%9A%84%E6%98%AF%E5%A4%A9%E6%89%8D%E8%BF%98%E6%98%AF%E5%85%B3%E7%B3%BB%E6%88%B7%23&t=31&band_rank=13&Refer=top),协和4加4培养的是天才还是关系户,social
2025-05-04.md,1. [赵心童斯诺克世锦赛决赛亚洲第2人](https://s.weibo.com//weibo?q=%23%E8%B5%B5%E5%BF%83%E7%AB%A5%E6%96%AF%E8%AF%BA%E5%85%8B%E4%B8%96%E9%94%A6%E8%B5%9B%E5%86%B3%E8%B5%9B%E4%BA%9A%E6%B4%B2%E7%AC%AC2%E4%BA%BA%23&t=31&band_rank=42&Refer=top),赵心童斯诺克世锦赛决赛亚洲第2人,entertainment
2025-05-04.md,1. [武契奇因病中断访美](https://s.weibo.com//weibo?q=%23%E6%AD%A6%E5%A5%91%E5%A5%87%E5%9B%A0%E7%97%85%E4%B8%AD%E6%96%AD%E8%AE%BF%E7%BE%8E%23&t=31&band_rank=37&Refer=top),武契奇因病中断访美,foreign
2025-05-04.md,1. [哈里王子想与英国王室和解](https://s.weibo.com//weibo?q=%23%E5%93%88%E9%87%8C%E7%8E%8B%E5%AD%90%E6%83%B3%E4%B8%8E%E8%8B%B1%E5%9B%BD%E7%8E%8B%E5%AE%A4%E5%92%8C%E8%A7%A3%23&t=31&band_rank=11&Refer=top),哈里王子想与英国王室和解,foreign
2025-05-04.md,1. [威少太了解哈登了](https://s.weibo.com//weibo?q=%23%E5%A8%81%E5%B0%91%E5%A4%AA%E4%BA%86%E8%A7%A3%E5%93%88%E7%99%BB%E4%BA%86%23&t=31&band_rank=47&Refer=top),威少太了解哈登了,entertainment
2025-05-05.md,1. [印度不允许一滴水流向巴基斯坦](https://s.weibo.com//weibo?q=%23%E5%8D%B0%E5%BA%A6%E4%B8%8D%E5%85%81%E8%AE%B8%E4%B8%80%E6%BB%B4%E6%B0%B4%E6%B5%81%E5%90%91%E5%B7%B4%E5%9F%BA%E6%96%AF%E5%9D%A6%23&t=31&band_rank=30&Refer=top),印度不允许一滴水流向巴基斯坦,foreign
2025-05-05.md,1. [坚决克服麻痹思想狠抓工作落实](https://s.weibo.com//weibo?q=%23%E5%9D%9A%E5%86%B3%E5%85%8B%E6%9C%8D%E9%BA%BB%E7%97%B9%E6%80%9D%E6%83%B3%E7%8B%A0%E6%8A%93%E5%B7%A5%E4%BD%9C%E8%90%BD%E5%AE%9E%23&Refer=new_time),坚决克服麻痹思想狠抓工作落实,politics
2025-05-05.md,1. [陈芋汐跳水世界杯发博](https://s.weibo.com//weibo?q=%E9%99%88%E8%8A%8B%E6%B1%90%E8%B7%B3%E6%B0%B4%E4%B8%96%E7%95%8C%E6%9D%AF%E5%8F%91%E5%8D%9A&t=31&band_rank=19&Refer=top),陈芋汐跳水世界杯发博,entertainment
2025-05-05.md,1. [阿姨是黄圣依和妈妈之间的禁忌词](https://s.weibo.com//weibo?q=%23%E9%98%BF%E5%A7%A8%E6%98%AF%E9%BB%84%E5%9C%A3%E4%BE%9D%E5%92%8C%E5%A6%88%E5%A6%88%E4%B9%8B%E9%97%B4%E7%9A%84%E7%A6%81%E5%BF%8C%E8%AF%8D%23&t=31&band_rank=28&Refer=top),阿姨是黄圣依和妈妈之间的禁忌词,entertainment
2025-05-05.md,1. [蒋奇明演技](https://s.weibo.com//weibo?q=%E8%92%8B%E5%A5%87%E6%98%8E%E6%BC%94%E6%8A%80&t=31&band_rank=37&Refer=top),蒋奇明演技,entertainment
2025-05-05.md,1. [BLG战胜TT](https://s.weibo.com//weibo?q=%23BLG%E6%88%98%E8%83%9CTT%23&t=31&band_rank=49&Refer=top),BLG战胜TT,entertainment
2025-05-05.md,1. [蛮好的人生一开始就没设置姐弟恋](https://s.weibo.com//weibo?q=%23%E8%9B%AE%E5%A5%BD%E7%9A%84%E4%BA%BA%E7%94%9F%E4%B8%80%E5%BC%80%E5%A7%8B%E5%B0%B1%E6%B2%A1%E8%AE%BE%E7%BD%AE%E5%A7%90%E5%BC%9F%E6%81%8B%23&t=31&band_rank=20&Refer=top),蛮好的人生一开始就没设置姐弟恋,entertainment
2025-05-05.md,1. [丁禹兮孟子义淮水竹亭剧情线来了](https://s.weibo.com//weibo?q=%23%E4%B8%81%E7%A6%B9%E5%85%AE%E5%AD%9F%E5%AD%90%E4%B9%89%E6%B7%AE%E6%B0%B4%E7%AB%B9%E4%BA%AD%E5%89%A7%E6%83%85%E7%BA%BF%E6%9D%A5%E4%BA%86%23&t=31&band_rank=17&Refer=top),丁禹兮孟子义淮水竹亭剧情线来了,entertainment
2025-05-05.md,1. [林心如霍建华带女儿看电影](https://s.weibo.com//weibo?q=%23%E6%9E%97%E5%BF%83%E5%A6%82%E9%9C%8D%E5%BB%BA%E5%8D%8E%E5%B8%A6%E5%A5%B3%E5%84%BF%E7%9C%8B%E7%94%B5%E5%BD%B1%23&t=31&band_rank=19&Refer=top),林心如霍建华带女儿看电影,entertainment
2025-05-05.md,1. [金价涨回3300美元](https://s.weibo.com//weibo?q=%23%E9%87%91%E4%BB%B7%E6%B6%A8%E5%9B%9E3300%E7%BE%8E%E5%85%83%23&t=31&band_rank=50&Refer=top),金价涨回3300美元,social
2025-05-05.md,1. [警方通报小型汽车坠河致1人死亡](https://s.weibo.com//weibo?q=%23%E8%AD%A6%E6%96%B9%E9%80%9A%E6%8A%A5%E5%B0%8F%E5%9E%8B%E6%B1%BD%E8%BD%A6%E5%9D%A0%E6%B2%B3%E8%87%B41%E4%BA%BA%E6%AD%BB%E4%BA%A1%23&t=31&band_rank=36&Refer=top),警方通报小型汽车坠河致1人死亡,social
2025-05-05.md,1. [宠物结婚比我结婚还有仪式感](https://s.weibo.com//weibo?q=%E5%AE%A0%E7%89%A9%E7%BB%93%E5%A9%9A%E6%AF%94%E6%88%91%E7%BB%93%E5%A9%9A%E8%BF%98%E6%9C%89%E4%BB%AA%E5%BC%8F%E6%84%9F&t=31&band_rank=38&Refer=top),宠物结婚比我结婚还有仪式感,social
2025-05-05.md,1. [谁能管管商场厕所](https://s.weibo.com//weibo?q=%E8%B0%81%E8%83%BD%E7%AE%A1%E7%AE%A1%E5%95%86%E5%9C%BA%E5%8E%95%E6%89%80&t=31&band_rank=14&Refer=top),谁能管管商场厕所,social
2025-05-05.md,1. [研究称常去音乐节能延寿](https://s.weibo.com//weibo?q=%23%E7%A0%94%E7%A9%B6%E7%A7%B0%E5%B8%B8%E5%8E%BB%E9%9F%B3%E4%B9%90%E8%8A%82%E8%83%BD%E5%BB%B6%E5%AF%BF%23&t=31&band_rank=20&Refer=top),研究称常去音乐节能延寿,social
2025-05-05.md,1. [偷拍裙底关乎女性安全感不能姑息](https://s.weibo.com//weibo?q=%23%E5%81%B7%E6%8B%8D%E8%A3%99%E5%BA%95%E5%85%B3%E4%B9%8E%E5%A5%B3%E6%80%A7%E5%AE%89%E5%85%A8%E6%84%9F%E4%B8%8D%E8%83%BD%E5%A7%91%E6%81%AF%23&t=31&band_rank=20&Refer=top),偷拍裙底关乎女性安全感不能姑息,social
2025-05-05.md,1. [游客吐槽天津一奶茶品牌包装有不雅字](https://s.weibo.com//weibo?q=%23%E6%B8%B8%E5%AE%A2%E5%90%90%E6%A7%BD%E5%A4%A9%E6%B4%A5%E4%B8%80%E5%A5%B6%E8%8C%B6%E5%93%81%E7%89%8C%E5%8C%85%E8%A3%85%E6%9C%89%E4%B8%8D%E9%9B%85%E5%AD%97%23&t=31&band_rank=14&Refer=top),游客吐槽天津一奶茶品牌包装有不雅字,social
2025-05-05.md,1. [小小票根带来多元消费体验](https://s.weibo.com//weibo?q=%23%E5%B0%8F%E5%B0%8F%E7%A5%A8%E6%A0%B9%E5%B8%A6%E6%9D%A5%E5%A4%9A%E5%85%83%E6%B6%88%E8%B4%B9%E4%BD%93%E9%AA%8C%23&t=31&band_rank=3&Refer=top),小小票根带来多元消费体验,social
2025-05-05.md,1. [特朗普将建白宫世界级舞厅](https://s.weibo.com//weibo?q=%E7%89%B9%E6%9C%97%E6%99%AE%E5%B0%86%E5%BB%BA%E7%99%BD%E5%AE%AB%E4%B8%96%E7%95%8C%E7%BA%A7%E8%88%9E%E5%8E%85&t=31&band_rank=49&Refer=top),特朗普将建白宫世界级舞厅,foreign
2025-05-05.md,1. [特朗普称好莱坞遭受重创对美构成国家安全威胁](https://s.weibo.com//weibo?q=%23%E7%89%B9%E6%9C%97%E6%99%AE%E7%A7%B0%E5%A5%BD%E8%8E%B1%E5%9D%9E%E9%81%AD%E5%8F%97%E9%87%8D%E5%88%9B%E5%AF%B9%E7%BE%8E%E6%9E%84%E6%88%90%E5%9B%BD%E5%AE%B6%E5%AE%89%E5%85%A8%E5%A8%81%E8%83%81%23&t=31&band_rank=37&Refer=top),特朗普称好莱坞遭受重创对美构成国家安全威胁,foreign
2025-05-05.md,1. [原教育局长让下属帮其女儿办婚礼](https://s.weibo.com//weibo?q=%23%E5%8E%9F%E6%95%99%E8%82%B2%E5%B1%80%E9%95%BF%E8%AE%A9%E4%B8%8B%E5%B1%9E%E5%B8%AE%E5%85%B6%E5%A5%B3%E5%84%BF%E5%8A%9E%E5%A9%9A%E7%A4%BC%23&t=31&band_rank=12&Refer=top),原教育局长让下属帮其女儿办婚礼,social
2025-05-05.md,1. [特朗普称考虑用武力占领格陵兰岛](https://s.weibo.com//weibo?q=%23%E7%89%B9%E6%9C%97%E6%99%AE%E7%A7%B0%E8%80%83%E8%99%91%E7%94%A8%E6%AD%A6%E5%8A%9B%E5%8D%A0%E9%A2%86%E6%A0%BC%E9%99%B5%E5%85%B0%E5%B2%9B%23&t=31&band_rank=44&Refer=top),特朗普称考虑用武力占领格陵兰岛,foreign
2025-05-05.md,1. [美国男子注射蛇毒18年血液产生抗体](https://s.weibo.com//weibo?q=%23%E7%BE%8E%E5%9B%BD%E7%94%B7%E5%AD%90%E6%B3%A8%E5%B0%84%E8%9B%87%E6%AF%9218%E5%B9%B4%E8%A1%80%E6%B6%B2%E4%BA%A7%E7%94%9F%E6%8A%97%E4%BD%93%23&t=31&band_rank=15&Refer=top),美国男子注射蛇毒18年血液产生抗体,foreign
2025-05-05.md,1. [日方有关言论颠倒是非](https://s.weibo.com//weibo?q=%23%E6%97%A5%E6%96%B9%E6%9C%89%E5%85%B3%E8%A8%80%E8%AE%BA%E9%A2%A0%E5%80%92%E6%98%AF%E9%9D%9E%23&t=31&band_rank=31&Refer=top),日方有关言论颠倒是非,politics
2025-05-05.md,1. [国防部回应日民用飞机侵闯我钓鱼岛领空](https://s.weibo.com//weibo?q=%23%E5%9B%BD%E9%98%B2%E9%83%A8%E5%9B%9E%E5%BA%94%E6%97%A5%E6%B0%91%E7%94%A8%E9%A3%9E%E6%9C%BA%E4%BE%B5%E9%97%AF%E6%88%91%E9%92%93%E9%B1%BC%E5%B2%9B%E9%A2%86%E7%A9%BA%23&t=31&band_rank=44&Refer=top),国防部回应日民用飞机侵闯我钓鱼岛领空,politics
2025-05-05.md,1. [中方坚定维护国家领土主权和海洋权益](https://s.weibo.com//weibo?q=%23%E4%B8%AD%E6%96%B9%E5%9D%9A%E5%AE%9A%E7%BB%B4%E6%8A%A4%E5%9B%BD%E5%AE%B6%E9%A2%86%E5%9C%9F%E4%B8%BB%E6%9D%83%E5%92%8C%E6%B5%B7%E6%B4%8B%E6%9D%83%E7%9B%8A%23&t=31&band_rank=43&Refer=top),中方坚定维护国家领土主权和海洋权益,politics
2025-05-05.md,1. [红场解放军这一幕令人热血沸腾](https://s.weibo.com//weibo?q=%23%E7%BA%A2%E5%9C%BA%E8%A7%A3%E6%94%BE%E5%86%9B%E8%BF%99%E4%B8%80%E5%B9%95%E4%BB%A4%E4%BA%BA%E7%83%AD%E8%A1%80%E6%B2%B8%E8%85%BE%23&t=31&band_rank=11&Refer=top),红场解放军这一幕令人热血沸腾,
2025-05-05.md,1. [二手平台一盒撕拉片相纸价格涨到2000元](https://s.weibo.com//weibo?q=%23%E4%BA%8C%E6%89%8B%E5%B9%B3%E5%8F%B0%E4%B8%80%E7%9B%92%E6%92%95%E6%8B%89%E7%89%87%E7%9B%B8%E7%BA%B8%E4%BB%B7%E6%A0%BC%E6%B6%A8%E5%88%B02000%E5%85%83%23&t=31&band_rank=45&Refer=top),二手平台一盒撕拉片相纸价格涨到2000元,entertainment
2025-05-05.md,1. [我国首批五座9000吨气膜粮仓充气成型](https://s.weibo.com//weibo?q=%23%E6%88%91%E5%9B%BD%E9%A6%96%E6%89%B9%E4%BA%94%E5%BA%A79000%E5%90%A8%E6%B0%94%E8%86%9C%E7%B2%AE%E4%BB%93%E5%85%85%E6%B0%94%E6%88%90%E5%9E%8B%23&t=31&band_rank=41&Refer=top),我国首批五座9000吨气膜粮仓充气成型,politics
2025-05-05.md,1. [这就是有温度的中国排面](https://s.weibo.com//weibo?q=%23%E8%BF%99%E5%B0%B1%E6%98%AF%E6%9C%89%E6%B8%A9%E5%BA%A6%E7%9A%84%E4%B8%AD%E5%9B%BD%E6%8E%92%E9%9D%A2%23&t=31&band_rank=29&Refer=top),这就是有温度的中国排面,politics
2025-05-05.md,1. [特朗普爆欧盟领导人打不通普京电话](https://s.weibo.com//weibo?q=%23%E7%89%B9%E6%9C%97%E6%99%AE%E7%88%86%E6%AC%A7%E7%9B%9F%E9%A2%86%E5%AF%BC%E4%BA%BA%E6%89%93%E4%B8%8D%E9%80%9A%E6%99%AE%E4%BA%AC%E7%94%B5%E8%AF%9D%23&t=31&band_rank=25&Refer=top),特朗普爆欧盟领导人打不通普京电话,foreign
2025-04-30.md,1. [林诗栋蒯曼和朝鲜组合同区](https://s.weibo.com//weibo?q=%E6%9E%97%E8%AF%97%E6%A0%8B%E8%92%AF%E6%9B%BC%E5%92%8C%E6%9C%9D%E9%B2%9C%E7%BB%84%E5%90%88%E5%90%8C%E5%8C%BA&t=31&band_rank=13&Refer=top),林诗栋蒯曼和朝鲜组合同区,entertainment
2025-04-30.md,1. [五一北方穿外套南方要防暑](https://s.weibo.com//weibo?q=%23%E4%BA%94%E4%B8%80%E5%8C%97%E6%96%B9%E7%A9%BF%E5%A4%96%E5%A5%97%E5%8D%97%E6%96%B9%E8%A6%81%E9%98%B2%E6%9A%91%23&t=31&band_rank=43&Refer=top),五一北方穿外套南方要防暑,social
2025-04-30.md,1. [王辰](https://s.weibo.com//weibo?q=%E7%8E%8B%E8%BE%B0&t=31&band_rank=37&Refer=top),王辰,social
2025-04-30.md,1. [papi酱梦女](https://s.weibo.com//weibo?q=papi%E9%85%B1%E6%A2%A6%E5%A5%B3&t=31&band_rank=13&Refer=top),papi酱梦女,entertainment
2025-04-30.md,1. [孙颖莎大藤沙月同区](https://s.weibo.com//weibo?q=%23%E5%AD%99%E9%A2%96%E8%8E%8E%E5%A4%A7%E8%97%A4%E6%B2%99%E6%9C%88%E5%90%8C%E5%8C%BA%23&t=31&band_rank=50&Refer=top),孙颖莎大藤沙月同区,entertainment
2025-04-30.md,1. [国羽拳击手李诗沣](https://s.weibo.com//weibo?q=%23%E5%9B%BD%E7%BE%BD%E6%8B%B3%E5%87%BB%E6%89%8B%E6%9D%8E%E8%AF%97%E6%B2%A3%23&t=31&band_rank=46&Refer=top),国羽拳击手李诗沣,entertainment
2025-04-30.md,1. [协和4加4事件需尽快给公众回应](https://s.weibo.com//weibo?q=%23%E5%8D%8F%E5%92%8C4%E5%8A%A04%E4%BA%8B%E4%BB%B6%E9%9C%80%E5%B0%BD%E5%BF%AB%E7%BB%99%E5%85%AC%E4%BC%97%E5%9B%9E%E5%BA%94%23&t=31&band_rank=15&Refer=top),协和4加4事件需尽快给公众回应,social
2025-04-30.md,1. [新加坡前外交官在澡堂偷拍男学生](https://s.weibo.com//weibo?q=%E6%96%B0%E5%8A%A0%E5%9D%A1%E5%89%8D%E5%A4%96%E4%BA%A4%E5%AE%98%E5%9C%A8%E6%BE%A1%E5%A0%82%E5%81%B7%E6%8B%8D%E7%94%B7%E5%AD%A6%E7%94%9F&t=31&band_rank=30&Refer=top),新加坡前外交官在澡堂偷拍男学生,foreign
2025-04-30.md,1. [屠呦呦当选美国科学院外籍院士](https://s.weibo.com//weibo?q=%23%E5%B1%A0%E5%91%A6%E5%91%A6%E5%BD%93%E9%80%89%E7%BE%8E%E5%9B%BD%E7%A7%91%E5%AD%A6%E9%99%A2%E5%A4%96%E7%B1%8D%E9%99%A2%E5%A3%AB%23&t=31&band_rank=1&Refer=top),屠呦呦当选美国科学院外籍院士,social
2025-04-30.md,1. [麻醉科医生谈肖飞手术离场40分钟](https://s.weibo.com//weibo?q=%23%E9%BA%BB%E9%86%89%E7%A7%91%E5%8C%BB%E7%94%9F%E8%B0%88%E8%82%96%E9%A3%9E%E6%89%8B%E6%9C%AF%E7%A6%BB%E5%9C%BA40%E5%88%86%E9%92%9F%23&t=31&band_rank=2&Refer=top),麻醉科医生谈肖飞手术离场40分钟,social
2025-04-30.md,1. [神十九返回舱着陆](https://s.weibo.com//weibo?q=%23%E7%A5%9E%E5%8D%81%E4%B9%9D%E8%BF%94%E5%9B%9E%E8%88%B1%E7%9D%80%E9%99%86%23&t=31&band_rank=5&Refer=top),神十九返回舱着陆,politics
2025-04-30.md,1. [以前的下属一年后成同级别总监](https://s.weibo.com//weibo?q=%E4%BB%A5%E5%89%8D%E7%9A%84%E4%B8%8B%E5%B1%9E%E4%B8%80%E5%B9%B4%E5%90%8E%E6%88%90%E5%90%8C%E7%BA%A7%E5%88%AB%E6%80%BB%E7%9B%91&t=31&band_rank=41&Refer=top),以前的下属一年后成同级别总监,social
2025-04-30.md,1. [迪丽热巴从漫画里走出来了](https://s.weibo.com//weibo?q=%E8%BF%AA%E4%B8%BD%E7%83%AD%E5%B7%B4%E4%BB%8E%E6%BC%AB%E7%94%BB%E9%87%8C%E8%B5%B0%E5%87%BA%E6%9D%A5%E4%BA%86&t=31&band_rank=43&Refer=top),迪丽热巴从漫画里走出来了,entertainment
2025-04-30.md,1. [孙颖莎发言4个小脑袋排排看](https://s.weibo.com//weibo?q=%23%E5%AD%99%E9%A2%96%E8%8E%8E%E5%8F%91%E8%A8%804%E4%B8%AA%E5%B0%8F%E8%84%91%E8%A2%8B%E6%8E%92%E6%8E%92%E7%9C%8B%23&t=31&band_rank=29&Refer=top),孙颖莎发言4个小脑袋排排看,entertainment
2025-04-30.md,1. [羊角竟然是空心的](https://s.weibo.com//weibo?q=%E7%BE%8A%E8%A7%92%E7%AB%9F%E7%84%B6%E6%98%AF%E7%A9%BA%E5%BF%83%E7%9A%84&t=31&band_rank=39&Refer=top),羊角竟然是空心的,social
2025-04-30.md,1. [景元寰宇因你而齐响](https://s.weibo.com//weibo?q=%E6%99%AF%E5%85%83%E5%AF%B0%E5%AE%87%E5%9B%A0%E4%BD%A0%E8%80%8C%E9%BD%90%E5%93%8D&t=31&band_rank=40&Refer=top),景元寰宇因你而齐响,entertainment
2025-04-30.md,1. [明确实行婚姻登记全国通办](https://s.weibo.com//weibo?q=%23%E6%98%8E%E7%A1%AE%E5%AE%9E%E8%A1%8C%E5%A9%9A%E5%A7%BB%E7%99%BB%E8%AE%B0%E5%85%A8%E5%9B%BD%E9%80%9A%E5%8A%9E%23&t=31&band_rank=46&Refer=top),明确实行婚姻登记全国通办,politics
2025-04-30.md,1. [宋亚轩捏张真源鼻子](https://s.weibo.com//weibo?q=%E5%AE%8B%E4%BA%9A%E8%BD%A9%E6%8D%8F%E5%BC%A0%E7%9C%9F%E6%BA%90%E9%BC%BB%E5%AD%90&t=31&band_rank=19&Refer=top),宋亚轩捏张真源鼻子,entertainment
2025-04-30.md,1. [杨超越拽着王安宇耕了一亩地](https://s.weibo.com//weibo?q=%E6%9D%A8%E8%B6%85%E8%B6%8A%E6%8B%BD%E7%9D%80%E7%8E%8B%E5%AE%89%E5%AE%87%E8%80%95%E4%BA%86%E4%B8%80%E4%BA%A9%E5%9C%B0&t=31&band_rank=45&Refer=top),杨超越拽着王安宇耕了一亩地,entertainment
2025-04-30.md,1. [章若楠方否认番位操控](https://s.weibo.com//weibo?q=%23%E7%AB%A0%E8%8B%A5%E6%A5%A0%E6%96%B9%E5%90%A6%E8%AE%A4%E7%95%AA%E4%BD%8D%E6%93%8D%E6%8E%A7%23&t=31&band_rank=16&Refer=top),章若楠方否认番位操控,entertainment
2025-04-30.md,1. [穆雷43分](https://s.weibo.com//weibo?q=%E7%A9%86%E9%9B%B743%E5%88%86&t=31&band_rank=35&Refer=top),穆雷43分,entertainment
2025-04-30.md,1. [支持内娱女明星都去拍撕拉片](https://s.weibo.com//weibo?q=%E6%94%AF%E6%8C%81%E5%86%85%E5%A8%B1%E5%A5%B3%E6%98%8E%E6%98%9F%E9%83%BD%E5%8E%BB%E6%8B%8D%E6%92%95%E6%8B%89%E7%89%87&t=31&band_rank=42&Refer=top),支持内娱女明星都去拍撕拉片,entertainment
2025-04-30.md,1. [董某莹的跨界疑云有谁在紧张](https://s.weibo.com//weibo?q=%23%E8%91%A3%E6%9F%90%E8%8E%B9%E7%9A%84%E8%B7%A8%E7%95%8C%E7%96%91%E4%BA%91%E6%9C%89%E8%B0%81%E5%9C%A8%E7%B4%A7%E5%BC%A0%23&t=31&band_rank=26&Refer=top),董某莹的跨界疑云有谁在紧张,social
2025-04-30.md,1. [唐悠悠的玫瑰被邓家佳戴上了](https://s.weibo.com//weibo?q=%E5%94%90%E6%82%A0%E6%82%A0%E7%9A%84%E7%8E%AB%E7%91%B0%E8%A2%AB%E9%82%93%E5%AE%B6%E4%BD%B3%E6%88%B4%E4%B8%8A%E4%BA%86&t=31&band_rank=27&Refer=top),唐悠悠的玫瑰被邓家佳戴上了,entertainment
2025-04-30.md,1. [有个付出型朋友是什么体验](https://s.weibo.com//weibo?q=%E6%9C%89%E4%B8%AA%E4%BB%98%E5%87%BA%E5%9E%8B%E6%9C%8B%E5%8F%8B%E6%98%AF%E4%BB%80%E4%B9%88%E4%BD%93%E9%AA%8C&t=31&band_rank=43&Refer=top),有个付出型朋友是什么体验,social
2025-04-30.md,1. [拒绝肖飞打招呼医生3天涨粉5.3万](https://s.weibo.com//weibo?q=%23%E6%8B%92%E7%BB%9D%E8%82%96%E9%A3%9E%E6%89%93%E6%8B%9B%E5%91%BC%E5%8C%BB%E7%94%9F3%E5%A4%A9%E6%B6%A8%E7%B2%895.3%E4%B8%87%23&t=31&band_rank=2&Refer=top),拒绝肖飞打招呼医生3天涨粉5.3万,social
2025-04-30.md,1. [人鱼的眼泪作者回应](https://s.weibo.com//weibo?q=%23%E4%BA%BA%E9%B1%BC%E7%9A%84%E7%9C%BC%E6%B3%AA%E4%BD%9C%E8%80%85%E5%9B%9E%E5%BA%94%23&t=31&band_rank=23&Refer=top),人鱼的眼泪作者回应,entertainment
2025-04-30.md,1. [曾黎团队傲慢公关丢了人心](https://s.weibo.com//weibo?q=%23%E6%9B%BE%E9%BB%8E%E5%9B%A2%E9%98%9F%E5%82%B2%E6%85%A2%E5%85%AC%E5%85%B3%E4%B8%A2%E4%BA%86%E4%BA%BA%E5%BF%83%23&t=31&band_rank=4&Refer=top),曾黎团队傲慢公关丢了人心,entertainment
2025-04-30.md,1. [肖某事件对医生群体造成伤害](https://s.weibo.com//weibo?q=%23%E8%82%96%E6%9F%90%E4%BA%8B%E4%BB%B6%E5%AF%B9%E5%8C%BB%E7%94%9F%E7%BE%A4%E4%BD%93%E9%80%A0%E6%88%90%E4%BC%A4%E5%AE%B3%23&t=31&band_rank=37&Refer=top),肖某事件对医生群体造成伤害,social
2025-04-30.md,1. [解放军仪仗队亮相越南阅兵](https://s.weibo.com//weibo?q=%23%E8%A7%A3%E6%94%BE%E5%86%9B%E4%BB%AA%E4%BB%97%E9%98%9F%E4%BA%AE%E7%9B%B8%E8%B6%8A%E5%8D%97%E9%98%85%E5%85%B5%23&t=31&band_rank=45&Refer=top),解放军仪仗队亮相越南阅兵,politics
